{
    "placeMarks": [
        {
            "coords": [42.947290603654984, 74.59746025390625],
            "id":1,
            "placeName": "Пользовательское название места"
        },
        {
            "coords": [42.847290603654984, 74.59746025390625],
            "id":2,
            "placeName": "Пользовательское название места"
        }
    ]
}